create database department_store;

CREATE TABLE Product (
    ProductID INT PRIMARY KEY,
    Name VARCHAR(100),
    Description TEXT,
    Price DECIMAL(10, 2),
    Category VARCHAR(50),
    StockQuantity INT
);

CREATE TABLE Customer (
    CustomerID INT PRIMARY KEY,
    FirstName VARCHAR(50),
    LastName VARCHAR(50),
    Email VARCHAR(100),
    Phone VARCHAR(20),
    Address TEXT
);

CREATE TABLE Employee (
    EmployeeID INT PRIMARY KEY,
    FirstName VARCHAR(50),
    LastName VARCHAR(50),
    Position VARCHAR(50),
    Salary DECIMAL(10, 2),
    HireDate DATE
);

CREATE TABLE Sale (
    SaleID INT PRIMARY KEY,
    Date DATE,
    CustomerID INT,
    EmployeeID INT,
    TotalAmount DECIMAL(10, 2),
    FOREIGN KEY (CustomerID) REFERENCES Customer(CustomerID),
    FOREIGN KEY (EmployeeID) REFERENCES Employee(EmployeeID)
);

CREATE TABLE SaleDetail (
    SaleDetailID INT PRIMARY KEY,
    SaleID INT,
    ProductID INT,
    Quantity INT,
    UnitPrice DECIMAL(10, 2),
    FOREIGN KEY (SaleID) REFERENCES Sale(SaleID),
    FOREIGN KEY (ProductID) REFERENCES Product(ProductID)
);

INSERT INTO Product (ProductID, Name, Description, Price, Category, StockQuantity) VALUES
(1, 'Shirt', 'Cotton shirt', 25.99, 'Clothing', 100),
(2, 'Pants', 'Denim jeans', 49.99, 'Clothing', 50),
(3, 'Laptop', '14 inch laptop', 899.99, 'Electronics', 30),
(4, 'Tablet', '10 inch tablet', 299.99, 'Electronics', 20),
(5, 'Socks', 'Wool socks', 9.99, 'Clothing', 200),
(6, 'Jacket', 'Leather jacket', 199.99, 'Clothing', 40),
(7, 'Headphones', 'Noise-cancelling headphones', 149.99, 'Electronics', 60),
(8, 'Smartphone', 'Latest model smartphone', 999.99, 'Electronics', 25),
(9, 'Watch', 'Digital watch', 49.99, 'Accessories', 150),
(10, 'Backpack', 'Waterproof backpack', 89.99, 'Accessories', 70),
(11, 'Shoes', 'Running shoes', 129.99, 'Footwear', 80),
(12, 'Boots', 'Hiking boots', 149.99, 'Footwear', 50),
(13, 'Hat', 'Baseball cap', 19.99, 'Accessories', 120),
(14, 'Gloves', 'Winter gloves', 29.99, 'Accessories', 90),
(15, 'Scarf', 'Wool scarf', 24.99, 'Accessories', 110),
(16, 'Sunglasses', 'Polarized sunglasses', 79.99, 'Accessories', 100),
(17, 'Belt', 'Leather belt', 39.99, 'Accessories', 60),
(18, 'Camera', 'Digital camera', 499.99, 'Electronics', 15),
(19, 'Printer', 'Wireless printer', 129.99, 'Electronics', 25),
(20, 'Monitor', '24 inch monitor', 179.99, 'Electronics', 35),
(21, 'Keyboard', 'Mechanical keyboard', 89.99, 'Electronics', 55),
(22, 'Mouse', 'Wireless mouse', 49.99, 'Electronics', 65),
(23, 'Desk', 'Standing desk', 299.99, 'Furniture', 20),
(24, 'Chair', 'Ergonomic chair', 199.99, 'Furniture', 30),
(25, 'Lamp', 'Desk lamp', 39.99, 'Furniture', 75),
(26, 'Rug', 'Area rug', 99.99, 'Home Decor', 40),
(27, 'Curtains', 'Blackout curtains', 59.99, 'Home Decor', 50),
(28, 'Pillow', 'Memory foam pillow', 29.99, 'Home Decor', 100),
(29, 'Blanket', 'Fleece blanket', 39.99, 'Home Decor', 70),
(30, 'Cookware Set', '10-piece cookware set', 199.99, 'Kitchen', 25),
(31, 'Toaster', '2-slice toaster', 29.99, 'Kitchen', 80),
(32, 'Blender', 'High-speed blender', 99.99, 'Kitchen', 45),
(33, 'Microwave', 'Countertop microwave', 149.99, 'Kitchen', 30),
(34, 'Coffee Maker', 'Programmable coffee maker', 79.99, 'Kitchen', 60),
(35, 'Mixer', 'Stand mixer', 299.99, 'Kitchen', 20),
(36, 'Knife Set', 'Professional knife set', 149.99, 'Kitchen', 50),
(37, 'Dining Table', '6-seat dining table', 499.99, 'Furniture', 10),
(38, 'Bed Frame', 'Queen bed frame', 299.99, 'Furniture', 15),
(39, 'Mattress', 'Memory foam mattress', 399.99, 'Furniture', 20),
(40, 'Wardrobe', '3-door wardrobe', 599.99, 'Furniture', 5),
(41, 'Bookshelf', '5-shelf bookcase', 129.99, 'Furniture', 25),
(42, 'TV Stand', 'Wooden TV stand', 199.99, 'Furniture', 30),
(43, 'Vase', 'Ceramic vase', 49.99, 'Home Decor', 60),
(44, 'Wall Art', 'Abstract painting', 79.99, 'Home Decor', 40),
(45, 'Mirror', 'Full-length mirror', 99.99, 'Home Decor', 35),
(46, 'Clock', 'Wall clock', 29.99, 'Home Decor', 70),
(47, 'Cushion', 'Decorative cushion', 19.99, 'Home Decor', 90),
(48, 'Towel Set', '6-piece towel set', 49.99, 'Home Decor', 60),
(49, 'Duvet Cover', 'King size duvet cover', 79.99, 'Home Decor', 50),
(50, 'Umbrella', 'Compact umbrella', 19.99, 'Accessories', 110),
(51, 'Water Bottle', 'Stainless steel water bottle', 29.99, 'Accessories', 80),
(52, 'Lunch Box', 'Insulated lunch box', 24.99, 'Accessories', 70),
(53, 'Notebook', 'Leather notebook', 14.99, 'Stationery', 150),
(54, 'Pen Set', 'Luxury pen set', 49.99, 'Stationery', 120),
(55, 'Backpack', 'Laptop backpack', 79.99, 'Accessories', 50),
(56, 'Gym Bag', 'Sports gym bag', 59.99, 'Accessories', 70),
(57, 'Yoga Mat', 'Non-slip yoga mat', 39.99, 'Fitness', 100),
(58, 'Dumbbells', 'Set of 2 dumbbells', 49.99, 'Fitness', 90),
(59, 'Resistance Bands', 'Set of 5 resistance bands', 29.99, 'Fitness', 80),
(60, 'Treadmill', 'Folding treadmill', 599.99, 'Fitness', 10),
(61, 'Exercise Bike', 'Stationary exercise bike', 299.99, 'Fitness', 15),
(62, 'Fitness Tracker', 'Smart fitness tracker', 99.99, 'Electronics', 50),
(63, 'Jump Rope', 'Adjustable jump rope', 14.99, 'Fitness', 120),
(64, 'Basketball', 'Official size basketball', 29.99, 'Sports', 60),
(65, 'Soccer Ball', 'Size 5 soccer ball', 24.99, 'Sports', 70),
(66, 'Tennis Racket', 'Graphite tennis racket', 89.99, 'Sports', 30),
(67, 'Golf Clubs', 'Set of 14 golf clubs', 799.99, 'Sports', 5),
(68, 'Hockey Stick', 'Composite hockey stick', 119.99, 'Sports', 20),
(69, 'Baseball Glove', 'Leather baseball glove', 49.99, 'Sports', 40),
(70, 'Fishing Rod', 'Carbon fiber fishing rod', 59.99, 'Sports', 50),
(71, 'Camping Tent', '4-person camping tent', 149.99, 'Outdoors', 25),
(72, 'Sleeping Bag', 'Down sleeping bag', 99.99, 'Outdoors', 40),
(73, 'Cooler', 'Portable cooler', 49.99, 'Outdoors', 60),
(74, 'Grill', 'Charcoal grill', 129.99, 'Outdoors', 30),
(75, 'Garden Tools', 'Set of 5 garden tools', 39.99, 'Outdoors', 70),
(76, 'Lawn Mower', 'Electric lawn mower', 299.99, 'Outdoors', 15),
(77, 'Patio Furniture', '5-piece patio furniture set', 499.99, 'Outdoors', 10),
(78, 'Hammock', 'Double hammock', 59.99, 'Outdoors', 35),
(79, 'Bird Feeder', 'Hanging bird feeder', 19.99, 'Outdoors', 80),
(80, 'Fire Pit', 'Outdoor fire pit', 199.99, 'Outdoors', 20);



INSERT INTO Customer (CustomerID, FirstName, LastName, Email, Phone, Address)
VALUES 
(1, 'John', 'Doe', 'john.doe@example.com', '123-456-7890', '123 Elm St'),
(2, 'Jane', 'Smith', 'jane.smith@example.com', '098-765-4321', '456 Oak St'),
(3, 'Michael', 'Johnson', 'michael.johnson@example.com', '567-890-1234', '789 Maple Ave'),
(4, 'Emily', 'Williams', 'emily.williams@example.com', '234-567-8901', '890 Pine Ln'),
(5, 'David', 'Brown', 'david.brown@example.com', '345-678-9012', '456 Birch Rd'),
(6, 'Sarah', 'Jones', 'sarah.jones@example.com', '456-789-0123', '678 Cedar St'),
(7, 'Matthew', 'Martinez', 'matthew.martinez@example.com', '567-890-1234', '345 Oakwood Dr'),
(8, 'Jessica', 'Garcia', 'jessica.garcia@example.com', '678-901-2345', '123 Cherry Ave'),
(9, 'Daniel', 'Rodriguez', 'daniel.rodriguez@example.com', '789-012-3456', '890 Pine St'),
(10, 'Elizabeth', 'Lopez', 'elizabeth.lopez@example.com', '890-123-4567', '234 Maple Dr'),
(11, 'Christopher', 'Hernandez', 'christopher.hernandez@example.com', '901-234-5678', '567 Cedar Ln'),
(12, 'Megan', 'Martinez', 'megan.martinez@example.com', '012-345-6789', '789 Elmwood Ave'),
(13, 'Ryan', 'Perez', 'ryan.perez@example.com', '123-456-7890', '234 Birchwood Dr'),
(14, 'Ashley', 'Gonzalez', 'ashley.gonzalez@example.com', '234-567-8901', '890 Oak Dr'),
(15, 'Brandon', 'Gomez', 'brandon.gomez@example.com', '345-678-9012', '456 Maple St'),
(16, 'Amanda', 'Hernandez', 'amanda.hernandez@example.com', '456-789-0123', '789 Pine Ave'),
(17, 'Justin', 'Perez', 'justin.perez@example.com', '567-890-1234', '890 Elm St'),
(18, 'Nicole', 'Garcia', 'nicole.garcia@example.com', '678-901-2345', '123 Oakwood Dr'),
(19, 'Matthew', 'Rodriguez', 'matthew.rodriguez@example.com', '789-012-3456', '456 Cherry Ln'),
(20, 'Emily', 'Lopez', 'emily.lopez@example.com', '890-123-4567', '890 Cedar Ave'),
(21, 'Michael', 'Hernandez', 'michael.hernandez@example.com', '901-234-5678', '234 Maplewood Dr'),
(22, 'Jennifer', 'Martinez', 'jennifer.martinez@example.com', '012-345-6789', '567 Elm Ln'),
(23, 'David', 'Perez', 'david.perez@example.com', '123-456-7890', '789 Pine St'),
(24, 'Samantha', 'Gonzalez', 'samantha.gonzalez@example.com', '234-567-8901', '890 Birch Dr'),
(25, 'Joshua', 'Gomez', 'joshua.gomez@example.com', '345-678-9012', '123 Oak St'),
(26, 'Melissa', 'Hernandez', 'melissa.hernandez@example.com', '456-789-0123', '456 Cedar Ave'),
(27, 'Michelle', 'Perez', 'michelle.perez@example.com', '567-890-1234', '789 Elmwood Dr'),
(28, 'Andrew', 'Garcia', 'andrew.garcia@example.com', '678-901-2345', '234 Pine Ln'),
(29, 'William', 'Rodriguez', 'william.rodriguez@example.com', '789-012-3456', '567 Cherry Ave'),
(30, 'Jessica', 'Lopez', 'jessica.lopez@example.com', '890-123-4567', '890 Maple Dr'),
(31, 'Anthony', 'Hernandez', 'anthony.hernandez@example.com', '901-234-5678', '123 Cedar St'),
(32, 'Stephanie', 'Martinez', 'stephanie.martinez@example.com', '012-345-6789', '456 Elmwood Ave'),
(33, 'James', 'Perez', 'james.perez@example.com', '123-456-7890', '789 Birchwood Dr'),
(34, 'Kayla', 'Gonzalez', 'kayla.gonzalez@example.com', '234-567-8901', '890 Oak Dr'),
(35, 'Daniel', 'Gomez', 'daniel.gomez@example.com', '345-678-9012', '456 Maple St'),
(36, 'Kimberly', 'Hernandez', 'kimberly.hernandez@example.com', '456-789-0123', '789 Pine Ave'),
(37, 'Charles', 'Perez', 'charles.perez@example.com', '567-890-1234', '890 Elm St'),
(38, 'Alexis', 'Garcia', 'alexis.garcia@example.com', '678-901-2345', '123 Oakwood Dr'),
(39, 'Joshua', 'Rodriguez', 'joshua.rodriguez@example.com', '789-012-3456', '456 Cherry Ln'),
(40, 'Lauren', 'Lopez', 'lauren.lopez@example.com', '890-123-4567', '890 Cedar Ave'),
(41, 'Jacob', 'Hernandez', 'jacob.hernandez@example.com', '901-234-5678', '234 Maplewood Dr'),
(42, 'Megan', 'Martinez', 'megan.martinez@example.com', '012-345-6789', '567 Elm Ln'),
(43, 'Matthew', 'Perez', 'matthew.perez@example.com', '123-456-7890', '789 Pine St'),
(44, 'Olivia', 'Gonzalez', 'olivia.gonzalez@example.com', '234-567-8901', '890 Birch Dr'),
(45, 'Ethan', 'Gomez', 'ethan.gomez@example.com', '345-678-9012', '123 Oak St'),
(46, 'Abigail', 'Hernandez', 'abigail.hernandez@example.com', '456-789-0123', '456 Cedar Ave'),
(47, 'Jonathan', 'Perez', 'jonathan.perez@example.com', '567-890-1234', '789 Elmwood Dr'),
(48, 'Madison', 'Garcia', 'madison.garcia@example.com', '678-901-2345', '234 Pine Ln'),
(49, 'Jackson', 'Rodriguez', 'jackson.rodriguez@example.com', '789-012-3456', '567 Cherry Ave'),
(50, 'Natalie', 'Lopez', 'natalie.lopez@example.com', '890-123-4567', '890 Maple Dr'),
(51, 'Carter', 'Hernandez', 'carter.hernandez@example.com', '901-234-5678', '123 Cedar St'),
(52, 'Hannah', 'Martinez', 'hannah.martinez@example.com', '012-345-6789', '456 Elmwood Ave'),
(53, 'Gabriel', 'Perez', 'gabriel.perez@example.com', '123-456-7890', '789 Birchwood Dr'),
(54, 'Sofia', 'Gonzalez', 'sofia.gonzalez@example.com', '234-567-8901', '890 Oak Dr'),
(55, 'Jack', 'Gomez', 'jack.gomez@example.com', '345-678-9012', '456 Maple St'),
(56, 'Amelia', 'Hernandez', 'amelia.hernandez@example.com', '456-789-0123', '789 Pine Ave'),
(57, 'Luke', 'Perez', 'luke.perez@example.com', '567-890-1234', '890 Elm St'),
(58, 'Zoe', 'Garcia', 'zoe.garcia@example.com', '678-901-2345', '123 Oakwood Dr'),
(59, 'Henry', 'Rodriguez', 'henry.rodriguez@example.com', '789-012-3456', '456 Cherry Ln'),
(60, 'Lily', 'Lopez', 'lily.lopez@example.com', '890-123-4567', '890 Cedar Ave');


INSERT INTO Employee (EmployeeID, FirstName, LastName, Position, Salary, HireDate)
VALUES 
(1, 'Alice', 'Johnson', 'Cashier', 30000, '2020-01-15'),
(2, 'Bob', 'Brown', 'Manager', 50000, '2018-05-10'),
(3, 'Catherine', 'Smith', 'Sales Associate', 35000, '2019-02-20'),
(4, 'David', 'Williams', 'Cashier', 32000, '2021-03-25'),
(5, 'Emily', 'Jones', 'Manager', 48000, '2017-08-12'),
(6, 'Frank', 'Davis', 'Stock Clerk', 28000, '2022-04-05'),
(7, 'Grace', 'Anderson', 'Cashier', 31000, '2020-06-18'),
(8, 'Henry', 'Martinez', 'Manager', 52000, '2016-11-30'),
(9, 'Ivy', 'Garcia', 'Sales Associate', 36000, '2018-09-22'),
(10, 'James', 'Lee', 'Cashier', 30000, '2021-01-08'),
(11, 'Karen', 'Clark', 'Manager', 49000, '2019-04-12'),
(12, 'Linda', 'Rodriguez', 'Sales Associate', 34000, '2020-07-28'),
(13, 'Michael', 'Taylor', 'Cashier', 33000, '2017-12-14'),
(14, 'Nancy', 'White', 'Manager', 47000, '2018-02-17'),
(15, 'Oliver', 'Harris', 'Sales Associate', 37000, '2019-10-05'),
(16, 'Peter', 'Walker', 'Cashier', 31000, '2020-05-29'),
(17, 'Quinn', 'King', 'Manager', 50000, '2017-07-03'),
(18, 'Rachel', 'Scott', 'Sales Associate', 36000, '2018-08-14'),
(19, 'Samuel', 'Evans', 'Cashier', 32000, '2021-02-18'),
(20, 'Thomas', 'Baker', 'Manager', 51000, '2016-09-10'),
(21, 'Ursula', 'Green', 'Sales Associate', 35000, '2019-01-22'),
(22, 'Victor', 'Young', 'Cashier', 30000, '2021-04-30'),
(23, 'Wendy', 'Adams', 'Manager', 48000, '2017-11-15'),
(24, 'Xavier', 'Rivera', 'Sales Associate', 37000, '2019-08-07'),
(25, 'Yvonne', 'Hill', 'Cashier', 31000, '2020-03-10'),
(26, 'Zoe', 'Carter', 'Manager', 52000, '2016-06-25'),
(27, 'Adam', 'Stewart', 'Sales Associate', 36000, '2018-07-19'),
(28, 'Beth', 'Mitchell', 'Cashier', 32000, '2021-01-04'),
(29, 'Carl', 'Parker', 'Manager', 49000, '2019-03-18'),
(30, 'Diana', 'Collins', 'Sales Associate', 35000, '2020-10-15'),
(31, 'Evan', 'Roberts', 'Cashier', 31000, '2020-04-08'),
(32, 'Fiona', 'Reed', 'Manager', 53000, '2016-08-12'),
(33, 'George', 'Nelson', 'Sales Associate', 37000, '2019-07-25'),
(34, 'Hannah', 'Cook', 'Cashier', 33000, '2017-11-30'),
(35, 'Ian', 'Gray', 'Manager', 50000, '2018-03-19'),
(36, 'Jack', 'Bell', 'Sales Associate', 36000, '2018-09-10'),
(37, 'Kate', 'Bailey', 'Cashier', 32000, '2021-02-28'),
(38, 'Liam', 'Miller', 'Manager', 51000, '2016-12-15'),
(39, 'Megan', 'Cooper', 'Sales Associate', 35000, '2020-11-20'),
(40, 'Noah', 'Howard', 'Cashier', 31000, '2020-05-03'),
(41, 'Olivia', 'Reyes', 'Manager', 52000, '2016-07-08'),
(42, 'Patrick', 'Long', 'Sales Associate', 36000, '2018-08-22'),
(43, 'Rachel', 'Bennett', 'Cashier', 33000, '2017-10-12'),
(44, 'Sam', 'Wright', 'Manager', 49000, '2019-01-25'),
(45, 'Tim', 'Turner', 'Sales Associate', 35000, '2020-12-18'),
(46, 'Uma', 'Perez', 'Cashier', 32000, '2021-03-09'),
(47, 'Victor', 'Foster', 'Manager', 53000, '2016-09-30'),
(48, 'Wendy', 'Simmons', 'Sales Associate', 37000, '2019-08-05'),
(49, 'Xander', 'Russell', 'Cashier', 31000, '2020-06-13'),
(50, 'Yara', 'Stevens', 'Manager', 50000, '2018-01-17'),
(51, 'Zara', 'Phillips', 'Sales Associate', 36000, '2018-09-30'),
(52, 'Adam', 'Thomas', 'Cashier', 33000, '2017-11-10'),
(53, 'Bella', 'Morris', 'Manager', 51000, '2016-12-28'),
(54, 'Chris', 'Price', 'Sales Associate', 35000, '2020-11-03'),
(55, 'Drew', 'Martin', 'Cashier', 32000, '2021-02-12'),
(56, 'Elle', 'King', 'Manager', 52000, '2016-08-17'),
(57, 'Frankie', 'Morgan', 'Sales Associate', 36000, '2018-07-04'),
(58, 'Gina', 'Fisher', 'Cashier', 33000, '2017-09-22'),
(59, 'Henry', 'Young', 'Manager', 49000, '2019-02-13'),
(60, 'Ivy', 'Moore', 'Sales Associate', 35000, '2020-10-01');



INSERT INTO Sale (SaleID, Date, CustomerID, EmployeeID, TotalAmount)
VALUES 
(1, '2023-05-01', 1, 1, 75.98),
(2, '2023-06-01', 2, 2, 949.99),
(3, '2023-07-01', 3, 3, 123.45),
(4, '2023-08-01', 4, 4, 234.56),
(5, '2023-09-01', 5, 5, 567.89),
(6, '2023-10-01', 6, 6, 89.99),
(7, '2023-11-01', 7, 7, 456.78),
(8, '2023-12-01', 8, 8, 789.01),
(9, '2024-01-01', 9, 9, 234.56),
(10, '2024-02-01', 10, 10, 789.01),
(11, '2024-03-01', 11, 11, 123.45),
(12, '2024-04-01', 12, 12, 456.78),
(13, '2024-05-01', 13, 13, 789.01),
(14, '2024-06-01', 14, 14, 234.56),
(15, '2024-07-01', 15, 15, 789.01),
(16, '2024-08-01', 16, 16, 123.45),
(17, '2024-09-01', 17, 17, 456.78),
(18, '2024-10-01', 18, 18, 789.01),
(19, '2024-11-01', 19, 19, 234.56),
(20, '2024-12-01', 20, 20, 789.01),
(21, '2025-01-01', 21, 21, 123.45),
(22, '2025-02-01', 22, 22, 456.78),
(23, '2025-03-01', 23, 23, 789.01),
(24, '2025-04-01', 24, 24, 234.56),
(25, '2025-05-01', 25, 25, 789.01),
(26, '2025-06-01', 26, 26, 123.45),
(27, '2025-07-01', 27, 27, 456.78),
(28, '2025-08-01', 28, 28, 789.01),
(29, '2025-09-01', 29, 29, 234.56),
(30, '2025-10-01', 30, 30, 789.01),
(31, '2025-11-01', 31, 31, 123.45),
(32, '2025-12-01', 32, 32, 456.78),
(33, '2026-01-01', 33, 33, 789.01),
(34, '2026-02-01', 34, 34, 234.56),
(35, '2026-03-01', 35, 35, 789.01),
(36, '2026-04-01', 36, 36, 123.45),
(37, '2026-05-01', 37, 37, 456.78),
(38, '2026-06-01', 38, 38, 789.01),
(39, '2026-07-01', 39, 39, 234.56),
(40, '2026-08-01', 40, 40, 789.01),
(41, '2026-09-01', 41, 41, 123.45),
(42, '2026-10-01', 42, 42, 456.78),
(43, '2026-11-01', 43, 43, 789.01),
(44, '2026-12-01', 44, 44, 234.56),
(45, '2027-01-01', 45, 45, 789.01),
(46, '2027-02-01', 46, 46, 123.45),
(47, '2027-03-01', 47, 47, 456.78),
(48, '2027-04-01', 48, 48, 789.01),
(49, '2027-05-01', 49, 49, 234.56),
(50, '2027-06-01', 50, 50, 789.01),
(51, '2027-07-01', 51, 51, 123.45),
(52, '2027-08-01', 52, 52, 456.78),
(53, '2027-09-01', 53, 53, 789.01),
(54, '2027-10-01', 54, 54, 234.56),
(55, '2027-11-01', 55, 55, 789.01),
(56, '2027-12-01', 56, 56, 123.45),
(57, '2028-01-01', 57, 57, 456.78),
(58, '2028-02-01', 58, 58, 789.01),
(59, '2028-03-01', 59, 59, 234.56),
(60, '2028-04-01', 60, 60, 789.01);


INSERT INTO SaleDetail (SaleDetailID, SaleID, ProductID, Quantity, UnitPrice)
VALUES 
(1, 1, 1, 2, 29.99),
(2, 1, 3, 1, 15.99),
(3, 2, 2, 1, 199.99),
(4, 2, 4, 1, 750.00),
(5, 3, 5, 3, 10.99),
(6, 3, 7, 1, 49.99),
(7, 4, 6, 2, 99.99),
(8, 4, 8, 1, 134.56),
(9, 5, 9, 1, 499.99),
(10, 5, 11, 2, 134.99),
(11, 6, 10, 1, 19.99),
(12, 6, 12, 2, 56.78),
(13, 7, 13, 1, 299.99),
(14, 7, 15, 3, 45.67),
(15, 8, 14, 1, 179.99),
(16, 8, 16, 1, 299.99),
(17, 9, 17, 2, 39.99),
(18, 9, 19, 1, 129.99),
(19, 10, 18, 3, 49.99),
(20, 10, 20, 1, 89.99),
(21, 11, 21, 1, 24.99),
(22, 11, 23, 2, 59.99),
(23, 12, 22, 1, 149.99),
(24, 12, 24, 1, 179.99),
(25, 13, 25, 1, 599.99),
(26, 13, 27, 2, 199.99),
(27, 14, 26, 1, 69.99),
(28, 14, 28, 1, 134.99),
(29, 15, 29, 2, 19.99),
(30, 15, 31, 1, 49.99),
(31, 16, 30, 1, 39.99),
(32, 16, 32, 1, 29.99),
(33, 17, 33, 3, 49.99),
(34, 17, 35, 1, 89.99),
(35, 18, 34, 1, 299.99),
(36, 18, 36, 2, 109.99),
(37, 19, 37, 1, 14.99),
(38, 19, 39, 1, 89.99),
(39, 20, 38, 2, 29.99),
(40, 20, 40, 1, 59.99),
(41, 21, 41, 1, 49.99),
(42, 21, 43, 1, 79.99),
(43, 22, 42, 2, 29.99),
(44, 22, 44, 1, 99.99),
(45, 23, 45, 1, 19.99),
(46, 23, 47, 3, 14.99),
(47, 24, 46, 1, 49.99),
(48, 24, 48, 1, 89.99),
(49, 25, 49, 2, 39.99),
(50, 25, 51, 1, 79.99),
(51, 26, 50, 1, 69.99),
(52, 26, 52, 1, 59.99),
(53, 27, 53, 3, 29.99),
(54, 27, 55, 1, 99.99),
(55, 28, 54, 1, 179.99),
(56, 28, 56, 2, 49.99),
(57, 29, 57, 1, 24.99),
(58, 29, 59, 1, 89.99),
(59, 30, 58, 2, 34.99),
(60, 30, 60, 1, 69.99);


-- Retrieve all products
SELECT * FROM Product;

-- Retrieve all customers
SELECT * FROM Customer;

-- Retrieve all sales along with customer and employee details
SELECT Sale.SaleID, Sale.Date, Customer.FirstName AS CustomerFirstName, Customer.LastName AS CustomerLastName, 
       Employee.FirstName AS EmployeeFirstName, Employee.LastName AS EmployeeLastName, Sale.TotalAmount
FROM Sale
JOIN Customer ON Sale.CustomerID = Customer.CustomerID
JOIN Employee ON Sale.EmployeeID = Employee.EmployeeID;





